date,brent,dow,dxy,foreign_kospi,gold,hynix,kbe,kosdaq,kospi,micron,nasdaq,nvidia,samsung,sp500,tlt,us10y,us10y_tsy,us2y,us2y_tsy,us30y,us30y_tsy,usdkrw,vix,wti
2026-08-27,,,,,,1730000.0,,,,,,,266000.0,,,,,,,,,,,
2026-08-28,,,,,,1653000.0,,,,,,,257000.0,,,,,,,,,,,
2026-08-31,,,,,,1674000.0,,,,,,,260000.0,,,,,,,,,,,
2026-09-01,,,,,,1693000.0,,,,,,,261000.0,,,,4.79,,4.39,,5.27,,,
2026-09-02,,,,,,1613000.0,,,,,,,250500.0,,,,4.79,,4.39,,5.27,,,
2026-09-03,,,,,,1596000.0,,,,,,,250000.0,,,,4.77,,4.34,,5.25,,,
2026-09-04,,,,,,1647000.0,,,,,,,255500.0,,,,4.78,,4.37,,5.24,,,
2026-09-07,,,,,,1783000.0,,,,,,,270000.0,,,,,,,,,,,
2026-09-08,,,,,,1793000.0,,,,,,,269500.0,,,,4.8,,4.39,,5.25,,,
2026-09-09,,,,,,1856000.0,,,,,,,269500.0,,,,4.83,,4.43,,5.28,,,
2026-09-10,,,,,,1853000.0,,,,,,,269000.0,,,,4.95,,4.56,,5.37,,,
2026-09-11,,,,,,1812000.0,,,,,,,259500.0,,,,4.96,,4.63,,5.35,,,
2026-09-14,,,,,,1683000.0,,,,,,,248500.0,,,,4.97,,4.65,,5.34,,,
2026-09-15,,,,,,1712000.0,,,,,,,250500.0,,,,5.0,,4.67,,5.36,,,
2026-09-16,,,,,,1757000.0,,,,,,,253500.0,,,,5.01,,4.74,,5.35,,,
2026-09-17,,,,,,1766000.0,,,,,,,256000.0,,,,4.94,,4.67,,5.29,,,
2026-09-18,,,,,,1849000.0,,,,,,,260000.0,,,,5.01,,4.76,,5.34,,,
2026-09-21,,,,,,1879000.0,,,,,,,275000.0,,,,4.96,,4.76,,5.29,,,
2026-09-22,,,,,,1841000.0,,,,,,,277500.0,,,,4.96,,4.71,,5.29,,,
2026-09-23,,,,,,1863000.0,,,,,,,286500.0,,,,5.11,,4.85,,5.4,,,
2026-09-24,,,,,,,,,,,,,,,,,5.18,,4.87,,5.47,,,
2026-09-25,,,,,,,,,,,,,,,,,5.17,,4.81,,5.49,,,
2026-09-28,,,,,,1761000.0,,,,,,,270000.0,,,,5.24,,4.92,,5.56,,,
2026-09-29,,,,,,1790000.0,,,,,,,275000.0,,,,5.26,,4.89,,5.59,,,
2026-09-30,,,,,,1783000.0,,,,,,,269500.0,,,,5.29,,4.88,,5.64,,,
2026-10-01,,,,,,1828000.0,,,,,,,274500.0,,,,5.24,,4.78,,5.61,,,
2026-10-02,,51176.96,101.924,-1080,,1842000.0,64.36,893.29,7003.74,1074.89,27190.864,233.95,276000.0,7722.72,77.48,5.273,5.28,4.827,4.83,5.623,5.63,1342.53,15.31,
2026-10-03,102.25,,,,4172.1,,,,,,,,,,,,,,,,,,,91.26
2026-10-04,,,101.941,,4180.6,,,,,,,,,,,5.264,,4.814,,5.613,,1344.1,,90.68
2026-10-05,101.51,,102.359,,4163.5,,,,,,,,,,,5.26,,4.804,,5.617,,1345.29,,89.95
